<com.cloudbees.hudson.plugins.folder.Folder plugin="cloudbees-folder@6.15">
<description>This folder contains the Pipeline Jobs created through the IAC UI Framework</description>
<properties/>
<folderViews class="com.cloudbees.hudson.plugins.folder.views.DefaultFolderViewHolder">
<views>
<hudson.model.AllView>
<owner class="com.cloudbees.hudson.plugins.folder.Folder" reference="../../../.."/>
<name>All</name>
<filterExecutors>false</filterExecutors>
<filterQueue>false</filterQueue>
<properties class="hudson.model.View$PropertyList"/>
</hudson.model.AllView>
</views>
<tabBar class="hudson.views.DefaultViewsTabBar"/>
</folderViews>
<healthMetrics/>
<icon class="com.cloudbees.hudson.plugins.folder.icons.StockFolderIcon"/>
</com.cloudbees.hudson.plugins.folder.Folder>